Time,Smoothed Count
0:00,3314
0:03,3339.5
0:06,3289.25
0:09,3236.375
0:12,3192.1625
0:15,3173.51375
0:18,3176.959625
0:21,3156.271737
0:24,3151.390216
0:27,3218.173151
0:30,3263.421206
0:33,3195.494844
0:36,3173.446391
0:39,3146.012474
0:42,3109.108732
0:45,3057.776112
0:48,2986.743278
0:51,3021.020295
0:54,3046.214206
0:57,2980.749945
1:00,2926.224961
1:03,2825.057473
1:06,2726.640231
1:09,2715.048162
1:12,2652.933713
1:15,2670.353599
1:18,2681.347519
1:21,2650.043264
1:24,2644.030285
1:27,2674.621199
1:30,2727.534839
1:33,2714.474388
1:36,2710.132071
1:39,2710.99245
1:42,2714.894715
1:45,2678.0263
1:48,2659.71841
1:51,2657.702887
1:54,2631.392021
1:57,2594.974415
2:00,2499.58209
2:03,2577.707463
2:06,2546.895224
2:09,2560.726657
2:12,2568.30866
2:15,2527.716062
2:18,2522.701243
2:21,2457.39087
2:24,2433.873609
2:27,2388.311526
2:30,2347.718069
2:33,2336.702648
2:36,2262.091854
2:39,2203.264298
2:42,2180.685008
2:45,2174.179506
2:48,2143.825654
2:51,2048.477958
2:54,1993.73457
2:57,1973.414199
3:00,1943.88994
3:03,1946.922958
3:06,1974.24607
3:09,1962.472249
3:12,1921.230574
3:15,1935.561402
3:18,1897.292981
3:21,1886.705087
3:24,1920.993561
3:27,1871.795493
3:30,1819.356845
3:33,1821.049791
3:36,1828.234854
3:39,1835.664398
3:42,1811.465078
3:45,1798.725555
3:48,1811.107888
3:51,1801.475522
3:54,1847.232865
3:57,1910.163006
4:00,1868.114104
4:03,1877.679873
4:06,1785.075911
4:09,1751.453138
4:12,1720.717196
4:15,1673.402037
4:18,1652.881426
4:21,1649.016998
4:24,1587.211899
4:27,1571.548329
4:30,1614.58383
4:33,1625.208681
4:36,1603.546077
4:39,1630.382254
4:42,1596.367578
4:45,1597.157304
4:48,1569.810113
4:51,1565.967079
4:54,1534.176955
4:57,1565.023869
5:00,1536.516708
5:03,1572.361696
5:06,1643.653187
5:09,1648.257231
5:12,1591.480062
5:15,1554.436043
5:18,1536.30523
5:21,1532.613661
5:24,1551.029563
5:27,1608.020694
5:30,1562.114486
5:33,1516.18014
5:36,1584.226098
5:39,1576.658269
5:42,1531.760788
5:45,1572.332552
5:48,1631.632786
5:51,1650.64295
5:54,1638.450065
5:57,1659.615046
6:00,1630.930532
6:03,1591.951372
6:06,1569.465961
6:09,1606.226172
6:12,1604.958321
6:15,1589.970825
6:18,1593.579577
6:21,1656.405704
6:24,1676.083993
6:27,1713.558795
6:30,1746.091156
6:33,1775.76381
6:36,1791.434667
6:39,1806.304267
6:42,1802.912987
6:45,1802.639091
6:48,1833.947363
6:51,1892.463154
6:54,1943.024208
6:57,1949.316946
7:00,1957.921862
7:03,1931.245303
7:06,1991.171712
7:09,2135.720199
7:12,2152.004139
7:15,2265.102897
7:18,2275.872028
7:21,2361.11042
7:24,2417.477294
7:27,2530.134106
7:30,2569.093874
7:33,2639.265712
7:36,2747.185998
7:39,2751.930199
7:42,2874.351139
7:45,2931.845797
7:48,3059.092058
7:51,3104.064441
7:54,3201.245109
7:57,3200.871576
8:00,3225.510103
8:03,3415.857072
8:06,3495.999951
8:09,3543.999965
8:12,3597.999976
8:15,3673.599983
8:18,3786.219988
8:21,3905.253992
8:24,3970.877794
8:27,4042.314456
8:30,4051.220119
8:33,4139.354083
8:36,4243.647858
8:39,4327.153501
8:42,4352.307451
8:45,4516.315215
8:48,4523.720651
8:51,4382.204456
8:54,4572.943119
8:57,4635.660183
9:00,4626.462128
9:03,4572.32349
9:06,4681.426443
9:09,4815.39851
9:12,4739.378957
9:15,4668.16527
9:18,4696.015689
9:21,4671.410982
9:24,4730.387688
9:27,4819.371381
9:30,4848.659967
9:33,5085.161977
9:36,5218.613384
9:39,5305.429369
9:42,5203.300558
9:45,5205.310391
9:48,5261.617273
9:51,5196.932091
9:54,5198.152464
9:57,5172.606725
10:00,5207.824707
10:03,5226.177295
10:06,5226.724107
10:09,5316.506875
10:12,5285.454812
10:15,5289.218369
10:18,5332.352858
10:21,5333.747001
10:24,5260.9229
10:27,5227.04603
10:30,5177.532221
10:33,5125.472555
10:36,5191.030788
10:39,5233.921552
10:42,5074.645086
10:45,5205.25156
10:48,5242.076092
10:51,5313.753265
10:54,5296.427285
10:57,5403.0991
11:00,5397.66937
11:03,5577.768559
11:06,5601.837991
11:09,5667.586594
11:12,5633.810616
11:15,5697.467431
11:18,5691.027202
11:21,5739.319041
11:24,5710.723329
11:27,5756.70633
11:30,5673.394431
11:33,5657.676102
11:36,5671.573271
11:39,5712.50129
11:42,5656.250903
11:45,5746.475632
11:48,5812.332942
11:51,5936.13306
11:54,6002.093142
11:57,5995.465199
12:00,5925.425639
12:03,5920.197948
12:06,6003.238563
12:09,6003.166994
12:12,5979.416896
12:15,6020.991827
12:18,6239.394279
12:21,6257.575995
12:24,6304.503197
12:27,6299.252238
12:30,6215.176566
12:33,6204.623596
12:36,6055.036518
12:39,5945.525562
12:42,5900.367894
12:45,5895.757526
12:48,5918.630268
12:51,5943.941188
12:54,6184.258831
12:57,6257.381182
13:00,6183.766827
13:03,6092.936779
13:06,6109.155745
13:09,6090.509022
13:12,5934.056315
13:15,6028.239421
13:18,6065.967594
13:21,6204.877316
13:24,6147.614121
13:27,6176.229885
13:30,6248.460919
13:33,6163.422644
13:36,6038.495851
13:39,5972.347095
13:42,5843.242967
13:45,5826.970077
13:48,5911.579054
13:51,5925.805338
13:54,6041.963736
13:57,6122.674615
14:00,6087.672231
14:03,6091.970562
14:06,6078.779393
14:09,6002.945575
14:12,6072.861903
14:15,5989.503332
14:18,6039.152332
14:21,6270.706633
14:24,6334.694643
14:27,6346.78625
14:30,6217.250375
14:33,6151.775262
14:36,6125.742684
14:39,6053.519879
14:42,6051.863915
14:45,6104.404741
14:48,6161.283318
14:51,6030.998323
14:54,6101.198826
14:57,6135.639178
15:00,6046.647425
15:03,6032.653197
15:06,6075.057238
15:09,6037.240067
15:12,5953.768047
15:15,5974.837633
15:18,6008.186343
15:21,5844.63044
15:24,5959.041308
15:27,5956.028916
15:30,5872.920241
15:33,5980.344169
15:36,6096.340918
15:39,6186.538643
15:42,6111.07705
15:45,6105.053935
15:48,6210.037754
15:51,6150.026428
15:54,6147.6185
15:57,6230.53295
16:00,6220.173065
16:03,6296.021145
16:06,6178.414802
16:09,6261.690361
16:12,6258.783253
16:15,6267.848277
16:18,6160.193794
16:21,6047.335656
16:24,6014.834959
16:27,6028.084471
16:30,6136.95913
16:33,6014.871391
16:36,5993.909974
16:39,5891.636982
16:42,5843.445887
16:45,5692.712121
16:48,5571.598485
16:51,5506.918939
16:54,5546.543257
16:57,5592.88028
17:00,5566.816196
17:03,5625.071337
17:06,5415.349936
17:09,5241.844955
17:12,5127.891469
17:15,5009.424028
17:18,4924.99682
17:21,4916.897774
17:24,4930.128442
17:27,4967.289909
17:30,4970.802936
17:33,5009.262055
17:36,4935.983439
17:39,4900.288407
17:42,4813.801885
17:45,4826.46132
17:48,4841.922924
17:51,4747.146047
17:54,4643.002233
17:57,4573.401563
18:00,4524.981094
18:03,4422.986766
18:06,4320.090736
18:09,4171.263515
18:12,4092.584461
18:15,4078.609122
18:18,4164.226386
18:21,4119.75847
18:24,4174.730929
18:27,4102.21165
18:30,3986.348155
18:33,3949.943709
18:36,3930.160596
18:39,3938.812417
18:42,3873.768692
18:45,3796.738084
18:48,3768.616659
18:51,3851.531661
18:54,3872.672163
18:57,3843.970514
19:00,3787.87936
19:03,3821.515552
19:06,3773.960886
19:09,3695.07262
19:12,3629.950834
19:15,3712.765584
19:18,3694.235909
19:21,3675.865136
19:24,3663.605595
19:27,3589.323917
19:30,3659.426742
19:33,3622.098719
19:36,3651.769103
19:39,3668.638372
19:42,3619.546861
19:45,3600.482802
19:48,3539.137962
19:51,3536.996573
19:54,3484.197601
19:57,3395.638321
20:00,3336.946825
20:03,3304.862777
20:06,3267.703944
20:09,3300.792761
20:12,3360.554933
20:15,3366.088453
20:18,3412.261917
20:21,3449.983342
20:24,3460.188339
20:27,3424.131838
20:30,3490.692286
20:33,3531.8846
20:36,3655.81922
20:39,3641.773454
20:42,3637.941418
20:45,3576.758993
20:48,3599.931295
20:51,3610.451906
20:54,3592.916334
20:57,3513.141434
21:00,3482.799004
21:03,3477.759303
21:06,3517.131512
21:09,3528.192058
21:12,3499.034441
21:15,3466.024109
21:18,3463.916876
21:21,3355.641813
21:24,3353.949269
21:27,3379.764488
21:30,3440.135142
21:33,3574.794599
21:36,3619.85622
21:39,3693.399354
21:42,3713.679548
21:45,3653.475683
21:48,3672.832978
21:51,3766.783085
21:54,3784.248159
21:57,3802.773712
22:00,3777.941598
22:03,3735.059119
22:06,3687.641383
22:09,3594.148968
22:12,3631.004278
22:15,3661.902994
22:18,3735.132096
22:21,3720.092467
22:24,3579.664727
22:27,3537.465309
22:30,3562.225716
22:33,3503.958001
22:36,3475.170601
22:39,3478.419421
22:42,3471.993594
22:45,3513.395516
22:48,3495.276861
22:51,3464.593803
22:54,3450.615662
22:57,3466.930963
23:00,3513.151674
23:03,3466.006172
23:06,3430.90432
23:09,3461.533024
23:12,3467.073117
23:15,3456.851182
23:18,3525.595827
23:21,3580.617079
23:24,3637.431955
23:27,3634.002369
23:30,3560.201658
23:33,3535.541161
23:36,3518.278812
23:39,3560.495169
23:42,3515.346618
23:45,3442.042633
23:48,3449.529843
23:51,3422.07089
23:54,3348.249623
23:57,3277.974736
